{
	"credit": "Made with Blockbench",
	"textures": {
		"0": "item/custom/fish",
		"particle": "item/custom/fish"
	},
	"elements": [
		{
			"from": [6.9, 2.4, 6.9],
			"to": [8.1, 4.6, 11.1],
			"faces": {
				"north": {"uv": [0, 7, 1, 9], "texture": "#0"},
				"east": {"uv": [0, 0, 4, 2], "texture": "#0"},
				"south": {"uv": [7, 0, 8, 2], "texture": "#0"},
				"west": {"uv": [0, 2, 4, 4], "texture": "#0"},
				"up": {"uv": [6, 9, 5, 5], "texture": "#0"},
				"down": {"uv": [3, 6, 2, 10], "texture": "#0"}
			}
		},
		{
			"from": [7, 1.90086, 8.62461],
			"to": [8, 4.90086, 10.62461],
			"rotation": {"angle": -45, "axis": "x", "origin": [7.5, 4.40086, 10.62461]},
			"faces": {
				"north": {"uv": [6, 0, 7, 3], "texture": "#0"},
				"east": {"uv": [0, 4, 2, 7], "texture": "#0"},
				"south": {"uv": [3, 6, 4, 9], "texture": "#0"},
				"west": {"uv": [4, 0, 6, 3], "texture": "#0"},
				"up": {"uv": [2, 9, 1, 7], "texture": "#0"},
				"down": {"uv": [8, 5, 7, 7], "texture": "#0"}
			}
		},
		{
			"from": [7, 3.40086, 9.12461],
			"to": [8, 5.40086, 12.12461],
			"rotation": {"angle": -45, "axis": "x", "origin": [7.5, 4.40086, 10.62461]},
			"faces": {
				"north": {"uv": [7, 7, 8, 9], "texture": "#0"},
				"east": {"uv": [2, 4, 5, 6], "texture": "#0"},
				"south": {"uv": [8, 0, 9, 2], "texture": "#0"},
				"west": {"uv": [5, 3, 8, 5], "texture": "#0"},
				"up": {"uv": [5, 9, 4, 6], "texture": "#0"},
				"down": {"uv": [7, 5, 6, 8], "texture": "#0"}
			}
		},
		{
			"from": [7, 4, 7.6],
			"to": [8, 5, 8.6],
			"rotation": {"angle": 22.5, "axis": "x", "origin": [7.5, 4.5, 8.1]},
			"faces": {
				"north": {"uv": [4, 3, 5, 4], "texture": "#0"},
				"east": {"uv": [7, 2, 8, 3], "texture": "#0"},
				"south": {"uv": [8, 2, 9, 3], "texture": "#0"},
				"west": {"uv": [8, 3, 9, 4], "texture": "#0"},
				"up": {"uv": [9, 5, 8, 4], "texture": "#0"},
				"down": {"uv": [9, 5, 8, 6], "texture": "#0"}
			}
		}
	],
	"display": {
		"thirdperson_righthand": {
			"rotation": [87.98, 26.73, -96],
			"translation": [2.25, 3, -1.75]
		},
		"thirdperson_lefthand": {
			"rotation": [-103, 180, -105],
			"translation": [-4.5, -0.75, 0]
		},
		"firstperson_righthand": {
			"rotation": [50.92, 23.7, -71.94],
			"translation": [2.5, 4, 0]
		},
		"firstperson_lefthand": {
			"rotation": [82.04, 6.61, -39.12],
			"translation": [0, 4.25, 5.5]
		},
		"ground": {
			"translation": [0, 7.25, 0],
			"scale": [2, 2, 2]
		},
		"gui": {
			"rotation": [0, 92, 0],
			"translation": [-1.25, 4.25, 0]
		},
		"head": {
			"translation": [0, 11.5, -1.75]
		},
		"fixed": {
			"rotation": [90, -75, 85],
			"translation": [-0.25, 9, 1.5],
			"scale": [2, 2, 2]
		}
	}
}